,repository_name,language
0,.github,
1,aioshumway,Python
2,android-auth,HTML
3,android-sdk,HTML
4,android-store-service,Python
5,annoy,C++
6,annoy-java,Java
7,apollo,Java
8,apollo-elide,Java
9,apollo-metrics,
10,apps-tutorial,
11,async-datastore-client,Java
12,async-google-pubsub-client,Java
13,backup-utils,Shell
14,basic-pitch,Python
15,basic-pitch-ts,TypeScript
16,batty,Python
17,bazel-tools,Java
18,beam,Java
19,big-data-rosetta-code,Scala
20,bigtable-autoscaler,Java
21,boilerplate-app,
22,bucket-runner,JavaScript
23,cartography,Python
24,cassandra-extra,Java
25,cassandra-medusa,Python
26,cassandra-opstools,Java
27,cassandra-reaper,
28,certcheck,Python
29,chartify,Python
30,.github,
31,aioshumway,Python
32,android-auth,HTML
33,android-sdk,HTML
34,android-store-service,Python
35,annoy,C++
36,annoy-java,Java
37,apollo,Java
38,apollo-elide,Java
39,apollo-metrics,
40,apps-tutorial,
41,async-datastore-client,Java
42,async-google-pubsub-client,Java
43,backup-utils,Shell
44,basic-pitch,Python
45,basic-pitch-ts,TypeScript
46,batty,Python
47,bazel-tools,Java
48,beam,Java
49,big-data-rosetta-code,Scala
50,bigtable-autoscaler,Java
51,boilerplate-app,
52,bucket-runner,JavaScript
53,cartography,Python
54,cassandra-extra,Java
55,cassandra-medusa,Python
56,cassandra-opstools,Java
57,cassandra-reaper,
58,certcheck,Python
59,chartify,Python
60,.github,
61,aioshumway,Python
62,android-auth,HTML
63,android-sdk,HTML
64,android-store-service,Python
65,annoy,C++
66,annoy-java,Java
67,apollo,Java
68,apollo-elide,Java
69,apollo-metrics,
70,apps-tutorial,
71,async-datastore-client,Java
72,async-google-pubsub-client,Java
73,backup-utils,Shell
74,basic-pitch,Python
75,basic-pitch-ts,TypeScript
76,batty,Python
77,bazel-tools,Java
78,beam,Java
79,big-data-rosetta-code,Scala
80,bigtable-autoscaler,Java
81,boilerplate-app,
82,bucket-runner,JavaScript
83,cartography,Python
84,cassandra-extra,Java
85,cassandra-medusa,Python
86,cassandra-opstools,Java
87,cassandra-reaper,
88,certcheck,Python
89,chartify,Python
90,.github,
91,aioshumway,Python
92,android-auth,HTML
93,android-sdk,HTML
94,android-store-service,Python
95,annoy,C++
96,annoy-java,Java
97,apollo,Java
98,apollo-elide,Java
99,apollo-metrics,
100,apps-tutorial,
101,async-datastore-client,Java
102,async-google-pubsub-client,Java
103,backup-utils,Shell
104,basic-pitch,Python
105,basic-pitch-ts,TypeScript
106,batty,Python
107,bazel-tools,Java
108,beam,Java
109,big-data-rosetta-code,Scala
110,bigtable-autoscaler,Java
111,boilerplate-app,
112,bucket-runner,JavaScript
113,cartography,Python
114,cassandra-extra,Java
115,cassandra-medusa,Python
116,cassandra-opstools,Java
117,cassandra-reaper,
118,certcheck,Python
119,chartify,Python
120,.github,
121,aioshumway,Python
122,android-auth,HTML
123,android-sdk,HTML
124,android-store-service,Python
125,annoy,C++
126,annoy-java,Java
127,apollo,Java
128,apollo-elide,Java
129,apollo-metrics,
130,apps-tutorial,
131,async-datastore-client,Java
132,async-google-pubsub-client,Java
133,backup-utils,Shell
134,basic-pitch,Python
135,basic-pitch-ts,TypeScript
136,batty,Python
137,bazel-tools,Java
138,beam,Java
139,big-data-rosetta-code,Scala
140,bigtable-autoscaler,Java
141,boilerplate-app,
142,bucket-runner,JavaScript
143,cartography,Python
144,cassandra-extra,Java
145,cassandra-medusa,Python
146,cassandra-opstools,Java
147,cassandra-reaper,
148,certcheck,Python
149,chartify,Python
150,.github,
151,aioshumway,Python
152,android-auth,HTML
153,android-sdk,HTML
154,android-store-service,Python
155,annoy,C++
156,annoy-java,Java
157,apollo,Java
158,apollo-elide,Java
159,apollo-metrics,
160,apps-tutorial,
161,async-datastore-client,Java
162,async-google-pubsub-client,Java
163,backup-utils,Shell
164,basic-pitch,Python
165,basic-pitch-ts,TypeScript
166,batty,Python
167,bazel-tools,Java
168,beam,Java
169,big-data-rosetta-code,Scala
170,bigtable-autoscaler,Java
171,boilerplate-app,
172,bucket-runner,JavaScript
173,cartography,Python
174,cassandra-extra,Java
175,cassandra-medusa,Python
176,cassandra-opstools,Java
177,cassandra-reaper,
178,certcheck,Python
179,chartify,Python
180,.github,
181,aioshumway,Python
182,android-auth,HTML
183,android-sdk,HTML
184,android-store-service,Python
185,annoy,C++
186,annoy-java,Java
187,apollo,Java
188,apollo-elide,Java
189,apollo-metrics,
190,apps-tutorial,
191,async-datastore-client,Java
192,async-google-pubsub-client,Java
193,backup-utils,Shell
194,basic-pitch,Python
195,basic-pitch-ts,TypeScript
196,batty,Python
197,bazel-tools,Java
198,beam,Java
199,big-data-rosetta-code,Scala
200,bigtable-autoscaler,Java
201,boilerplate-app,
202,bucket-runner,JavaScript
203,cartography,Python
204,cassandra-extra,Java
205,cassandra-medusa,Python
206,cassandra-opstools,Java
207,cassandra-reaper,
208,certcheck,Python
209,chartify,Python
210,.github,
211,aioshumway,Python
212,android-auth,HTML
213,android-sdk,HTML
214,android-store-service,Python
215,annoy,C++
216,annoy-java,Java
217,apollo,Java
218,apollo-elide,Java
219,apollo-metrics,
220,apps-tutorial,
221,async-datastore-client,Java
222,async-google-pubsub-client,Java
223,backup-utils,Shell
224,basic-pitch,Python
225,basic-pitch-ts,TypeScript
226,batty,Python
227,bazel-tools,Java
228,beam,Java
229,big-data-rosetta-code,Scala
230,bigtable-autoscaler,Java
231,boilerplate-app,
232,bucket-runner,JavaScript
233,cartography,Python
234,cassandra-extra,Java
235,cassandra-medusa,Python
236,cassandra-opstools,Java
237,cassandra-reaper,
238,certcheck,Python
239,chartify,Python
240,.github,
241,aioshumway,Python
242,android-auth,HTML
243,android-sdk,HTML
244,android-store-service,Python
245,annoy,C++
246,annoy-java,Java
247,apollo,Java
248,apollo-elide,Java
249,apollo-metrics,
250,apps-tutorial,
251,async-datastore-client,Java
252,async-google-pubsub-client,Java
253,backup-utils,Shell
254,basic-pitch,Python
255,basic-pitch-ts,TypeScript
256,batty,Python
257,bazel-tools,Java
258,beam,Java
259,big-data-rosetta-code,Scala
260,bigtable-autoscaler,Java
261,boilerplate-app,
262,bucket-runner,JavaScript
263,cartography,Python
264,cassandra-extra,Java
265,cassandra-medusa,Python
266,cassandra-opstools,Java
267,cassandra-reaper,
268,certcheck,Python
269,chartify,Python
270,.github,
271,aioshumway,Python
272,android-auth,HTML
273,android-sdk,HTML
274,android-store-service,Python
275,annoy,C++
276,annoy-java,Java
277,apollo,Java
278,apollo-elide,Java
279,apollo-metrics,
280,apps-tutorial,
281,async-datastore-client,Java
282,async-google-pubsub-client,Java
283,backup-utils,Shell
284,basic-pitch,Python
285,basic-pitch-ts,TypeScript
286,batty,Python
287,bazel-tools,Java
288,beam,Java
289,big-data-rosetta-code,Scala
290,bigtable-autoscaler,Java
291,boilerplate-app,
292,bucket-runner,JavaScript
293,cartography,Python
294,cassandra-extra,Java
295,cassandra-medusa,Python
296,cassandra-opstools,Java
297,cassandra-reaper,
298,certcheck,Python
299,chartify,Python
300,.github,
301,aioshumway,Python
302,android-auth,HTML
303,android-sdk,HTML
304,android-store-service,Python
305,annoy,C++
306,annoy-java,Java
307,apollo,Java
308,apollo-elide,Java
309,apollo-metrics,
310,apps-tutorial,
311,async-datastore-client,Java
312,async-google-pubsub-client,Java
313,backup-utils,Shell
314,basic-pitch,Python
315,basic-pitch-ts,TypeScript
316,batty,Python
317,bazel-tools,Java
318,beam,Java
319,big-data-rosetta-code,Scala
320,bigtable-autoscaler,Java
321,boilerplate-app,
322,bucket-runner,JavaScript
323,cartography,Python
324,cassandra-extra,Java
325,cassandra-medusa,Python
326,cassandra-opstools,Java
327,cassandra-reaper,
328,certcheck,Python
329,chartify,Python
330,.github,
331,aioshumway,Python
332,android-auth,HTML
333,android-sdk,HTML
334,android-store-service,Python
335,annoy,C++
336,annoy-java,Java
337,apollo,Java
338,apollo-elide,Java
339,apollo-metrics,
340,apps-tutorial,
341,async-datastore-client,Java
342,async-google-pubsub-client,Java
343,backup-utils,Shell
344,basic-pitch,Python
345,basic-pitch-ts,TypeScript
346,batty,Python
347,bazel-tools,Java
348,beam,Java
349,big-data-rosetta-code,Scala
350,bigtable-autoscaler,Java
351,boilerplate-app,
352,bucket-runner,JavaScript
353,cartography,Python
354,cassandra-extra,Java
355,cassandra-medusa,Python
356,cassandra-opstools,Java
357,cassandra-reaper,
358,certcheck,Python
359,chartify,Python
360,.github,
361,aioshumway,Python
362,android-auth,HTML
363,android-sdk,HTML
364,android-store-service,Python
365,annoy,C++
366,annoy-java,Java
367,apollo,Java
368,apollo-elide,Java
369,apollo-metrics,
370,apps-tutorial,
371,async-datastore-client,Java
372,async-google-pubsub-client,Java
373,backup-utils,Shell
374,basic-pitch,Python
375,basic-pitch-ts,TypeScript
376,batty,Python
377,bazel-tools,Java
378,beam,Java
379,big-data-rosetta-code,Scala
380,bigtable-autoscaler,Java
381,boilerplate-app,
382,bucket-runner,JavaScript
383,cartography,Python
384,cassandra-extra,Java
385,cassandra-medusa,Python
386,cassandra-opstools,Java
387,cassandra-reaper,
388,certcheck,Python
389,chartify,Python
390,.github,
391,aioshumway,Python
392,android-auth,HTML
393,android-sdk,HTML
394,android-store-service,Python
395,annoy,C++
396,annoy-java,Java
397,apollo,Java
398,apollo-elide,Java
399,apollo-metrics,
400,apps-tutorial,
401,async-datastore-client,Java
402,async-google-pubsub-client,Java
403,backup-utils,Shell
404,basic-pitch,Python
405,basic-pitch-ts,TypeScript
406,batty,Python
407,bazel-tools,Java
408,beam,Java
409,big-data-rosetta-code,Scala
410,bigtable-autoscaler,Java
411,boilerplate-app,
412,bucket-runner,JavaScript
413,cartography,Python
414,cassandra-extra,Java
415,cassandra-medusa,Python
416,cassandra-opstools,Java
417,cassandra-reaper,
418,certcheck,Python
419,chartify,Python
420,.github,
421,aioshumway,Python
422,android-auth,HTML
423,android-sdk,HTML
424,android-store-service,Python
425,annoy,C++
426,annoy-java,Java
427,apollo,Java
428,apollo-elide,Java
429,apollo-metrics,
430,apps-tutorial,
431,async-datastore-client,Java
432,async-google-pubsub-client,Java
433,backup-utils,Shell
434,basic-pitch,Python
435,basic-pitch-ts,TypeScript
436,batty,Python
437,bazel-tools,Java
438,beam,Java
439,big-data-rosetta-code,Scala
440,bigtable-autoscaler,Java
441,boilerplate-app,
442,bucket-runner,JavaScript
443,cartography,Python
444,cassandra-extra,Java
445,cassandra-medusa,Python
446,cassandra-opstools,Java
447,cassandra-reaper,
448,certcheck,Python
449,chartify,Python
450,.github,
451,aioshumway,Python
452,android-auth,HTML
453,android-sdk,HTML
454,android-store-service,Python
455,annoy,C++
456,annoy-java,Java
457,apollo,Java
458,apollo-elide,Java
459,apollo-metrics,
460,apps-tutorial,
461,async-datastore-client,Java
462,async-google-pubsub-client,Java
463,backup-utils,Shell
464,basic-pitch,Python
465,basic-pitch-ts,TypeScript
466,batty,Python
467,bazel-tools,Java
468,beam,Java
469,big-data-rosetta-code,Scala
470,bigtable-autoscaler,Java
471,boilerplate-app,
472,bucket-runner,JavaScript
473,cartography,Python
474,cassandra-extra,Java
475,cassandra-medusa,Python
476,cassandra-opstools,Java
477,cassandra-reaper,
478,certcheck,Python
479,chartify,Python
480,.github,
481,aioshumway,Python
482,android-auth,HTML
483,android-sdk,HTML
484,android-store-service,Python
485,annoy,C++
486,annoy-java,Java
487,apollo,Java
488,apollo-elide,Java
489,apollo-metrics,
490,apps-tutorial,
491,async-datastore-client,Java
492,async-google-pubsub-client,Java
493,backup-utils,Shell
494,basic-pitch,Python
495,basic-pitch-ts,TypeScript
496,batty,Python
497,bazel-tools,Java
498,beam,Java
499,big-data-rosetta-code,Scala
500,bigtable-autoscaler,Java
501,boilerplate-app,
502,bucket-runner,JavaScript
503,cartography,Python
504,cassandra-extra,Java
505,cassandra-medusa,Python
506,cassandra-opstools,Java
507,cassandra-reaper,
508,certcheck,Python
509,chartify,Python
510,.github,
511,aioshumway,Python
512,android-auth,HTML
513,android-sdk,HTML
514,android-store-service,Python
515,annoy,C++
516,annoy-java,Java
517,apollo,Java
518,apollo-elide,Java
519,apollo-metrics,
520,apps-tutorial,
521,async-datastore-client,Java
522,async-google-pubsub-client,Java
523,backup-utils,Shell
524,basic-pitch,Python
525,basic-pitch-ts,TypeScript
526,batty,Python
527,bazel-tools,Java
528,beam,Java
529,big-data-rosetta-code,Scala
530,bigtable-autoscaler,Java
531,boilerplate-app,
532,bucket-runner,JavaScript
533,cartography,Python
534,cassandra-extra,Java
535,cassandra-medusa,Python
536,cassandra-opstools,Java
537,cassandra-reaper,
538,certcheck,Python
539,chartify,Python
540,.github,
541,aioshumway,Python
542,android-auth,HTML
543,android-sdk,HTML
544,android-store-service,Python
545,annoy,C++
546,annoy-java,Java
547,apollo,Java
548,apollo-elide,Java
549,apollo-metrics,
550,apps-tutorial,
551,async-datastore-client,Java
552,async-google-pubsub-client,Java
553,backup-utils,Shell
554,basic-pitch,Python
555,basic-pitch-ts,TypeScript
556,batty,Python
557,bazel-tools,Java
558,beam,Java
559,big-data-rosetta-code,Scala
560,bigtable-autoscaler,Java
561,boilerplate-app,
562,bucket-runner,JavaScript
563,cartography,Python
564,cassandra-extra,Java
565,cassandra-medusa,Python
566,cassandra-opstools,Java
567,cassandra-reaper,
568,certcheck,Python
569,chartify,Python
